id,date,amount,category,description
t0001,2025-09-30,-7447.54,Payroll,Contractor Payment
t0002,2025-10-02,-7720.68,Travel,Team Offsite
t0003,2025-10-03,20993.4,Revenue,Client Retainer
t0004,2025-10-05,-460.26,Office,Cleaning Service
t0005,2025-10-06,-4193.46,Payroll,Freelancer Invoice
t0006,2025-10-07,-1721.65,Rent,Coworking Space
t0007,2025-10-07,12213.82,Revenue,Project Invoice
t0008,2025-10-08,22807.93,Revenue,Consulting Fee
t0009,2025-10-10,-10936.09,Equipment,Peripherals
t0010,2025-10-11,-1565.34,Marketing,Trade Show
t0011,2025-10-13,-100.62,Office,Office Supplies
t0012,2025-10-14,2723.17,Revenue,Project Invoice
t0013,2025-10-15,-5098.81,Travel,Client Visit
t0014,2025-10-16,-2261.74,Software,Security Tools
t0015,2025-10-16,15811.23,Revenue,Client Retainer
t0016,2025-10-16,-1935.11,Rent,Office Rent
t0017,2025-10-17,-6999.01,Payroll,Contractor Payment
t0018,2025-10-20,-3966.0,Payroll,Contractor Payment
t0019,2025-10-22,-15682.49,Marketing,LinkedIn Ads
t0020,2025-10-24,-569.83,SaaS,Stripe Fees
t0021,2025-10-27,24798.33,Revenue,Client Retainer
t0022,2025-10-27,-7849.84,Payroll,Contractor Payment
t0023,2025-10-28,-1197.81,Marketing,LinkedIn Ads
t0024,2025-10-28,-1812.15,Marketing,Content Marketing
t0025,2025-10-28,-1080.61,SaaS,Stripe Fees
t0026,2025-10-29,18312.9,Revenue,Consulting Fee
t0027,2025-10-29,-7381.16,Payroll,Freelancer Invoice
t0028,2025-10-29,-2024.37,Rent,Coworking Space
t0029,2025-10-30,16363.56,Revenue,Project Invoice
t0030,2025-10-30,20639.25,Revenue,Consulting Fee
t0031,2025-10-30,-7966.45,Payroll,Staff Payroll
t0032,2025-11-02,20579.44,Revenue,Consulting Fee
t0033,2025-11-03,-4960.65,Travel,Client Visit
t0034,2025-11-04,58203.12,Revenue,Project Invoice
t0035,2025-11-06,-3929.85,Legal,Legal Retainer
t0036,2025-11-06,-9358.39,Travel,Client Visit
t0037,2025-11-07,-1242.95,Travel,Sales Trip
t0038,2025-11-07,-16165.65,Travel,Team Offsite
t0039,2025-11-07,-7674.67,Payroll,Bonus Payment
t0040,2025-11-12,-448.42,Office,Utilities
t0041,2025-11-13,-2573.91,Marketing,Trade Show
t0042,2025-11-13,-7563.72,Payroll,Staff Payroll
t0043,2025-11-14,-928.56,SaaS,AWS Cloud
t0044,2025-11-17,-2509.15,Software,Security Tools
t0045,2025-11-18,-1858.68,Legal,Compliance
t0046,2025-11-18,-42730.2,Travel,Conference Travel
t0047,2025-11-19,-33755.06,Payroll,Bonus Payment
t0048,2025-11-19,-1541.24,Software,Annual License Renewal
t0049,2025-11-19,4549.82,Revenue,New Client Onboarding
t0050,2025-11-20,9632.66,Revenue,Consulting Fee
t0051,2025-11-21,-318.57,Office,Office Supplies
t0052,2025-11-24,-786.19,SaaS,HubSpot CRM
t0053,2025-11-25,-13213.99,Payroll,Contractor Payment
t0054,2025-11-27,4061.03,Revenue,Consulting Fee
t0055,2025-11-27,-3677.09,Payroll,Staff Payroll
t0056,2025-11-29,-2227.3,Marketing,SEO Services
t0057,2025-12-01,-4157.12,Payroll,Bonus Payment
t0058,2025-12-01,-2042.53,Rent,Office Rent
t0059,2025-12-02,19474.74,Revenue,New Client Onboarding
t0060,2025-12-02,2946.85,Revenue,Client Retainer
t0061,2025-12-02,-287.65,SaaS,Figma Pro
t0062,2025-12-03,11515.03,Revenue,Client Retainer
t0063,2025-12-03,-1665.93,Marketing,LinkedIn Ads
t0064,2025-12-04,15775.37,Revenue,Project Invoice
t0065,2025-12-04,-1909.01,Marketing,Trade Show
t0066,2025-12-04,-11759.85,Legal,Compliance
t0067,2025-12-09,-781.13,Office,Utilities
t0068,2025-12-09,10527.09,Revenue,Subscription Revenue
t0069,2025-12-10,-3325.25,Marketing,Trade Show
t0070,2025-12-11,-4286.83,Payroll,Bonus Payment
t0071,2025-12-12,-650.9,Office,Cleaning Service
t0072,2025-12-12,-1214.24,Marketing,Content Marketing
t0073,2025-12-12,-344.72,SaaS,HubSpot CRM
t0074,2025-12-15,-1903.74,Rent,Coworking Space
t0075,2025-12-17,7590.8,Revenue,Consulting Fee
t0076,2025-12-17,-5632.15,Payroll,Bonus Payment
t0077,2025-12-17,-4024.89,Payroll,Staff Payroll
t0078,2025-12-18,-7053.21,Payroll,Staff Payroll
t0079,2025-12-18,-1593.4,Marketing,SEO Services
t0080,2025-12-19,-7789.1,Travel,Team Offsite
t0081,2025-12-22,-7056.1,Payroll,Staff Payroll
t0082,2025-12-23,-644.87,Software,Security Tools
t0083,2025-12-23,-529.78,Office,Team Lunch
t0084,2025-12-24,-1411.08,Legal,IP Registration
t0085,2025-12-25,-2159.89,Rent,Coworking Space
t0086,2025-12-26,18089.18,Revenue,Client Retainer
t0087,2025-12-26,-2359.9,Rent,Office Rent
t0088,2025-12-29,-2434.87,Marketing,Trade Show
t0089,2025-12-30,-7270.79,Payroll,Staff Payroll
t0090,2026-01-01,-12883.54,Equipment,Laptop Purchase
t0091,2026-01-02,19478.17,Revenue,Consulting Fee
t0092,2026-01-04,-802.05,SaaS,Stripe Fees
t0093,2026-01-06,-13715.71,Equipment,Laptop Purchase
t0094,2026-01-06,-2809.04,Software,Productivity Software
t0095,2026-01-09,5722.51,Revenue,Consulting Fee
t0096,2026-01-09,-4113.23,Payroll,Staff Payroll
t0097,2026-01-13,-399.36,Office,Utilities
t0098,2026-01-15,5716.08,Revenue,Client Retainer
t0099,2026-01-19,-7708.18,Payroll,Contractor Payment
t0100,2026-01-21,-4937.59,Payroll,Freelancer Invoice
t0101,2026-01-22,-3068.51,Legal,Legal Retainer
t0102,2026-01-22,-4987.2,Payroll,Staff Payroll
t0103,2026-01-23,-7576.29,Payroll,Bonus Payment
t0104,2026-01-26,-1841.88,Rent,Office Rent
t0105,2026-01-27,-2083.46,Rent,Office Rent
t0106,2026-01-28,18455.6,Revenue,Client Retainer
t0107,2026-01-29,-12192.09,Equipment,Server Hardware
t0108,2026-02-02,-381.73,Office,Cleaning Service
t0109,2026-02-04,12297.22,Revenue,Consulting Fee
t0110,2026-02-05,-9515.45,Travel,Sales Trip
t0111,2026-02-05,-5827.43,Payroll,Bonus Payment
t0112,2026-02-06,-3364.41,Marketing,Trade Show
t0113,2026-02-06,-5450.48,Payroll,Staff Payroll
t0114,2026-02-06,-4993.68,Equipment,Laptop Purchase
t0115,2026-02-10,-7261.9,Payroll,Staff Payroll
t0116,2026-02-10,7422.49,Revenue,Subscription Revenue
t0117,2026-02-10,-3489.18,Marketing,SEO Services
t0118,2026-02-12,-451.22,Office,Office Supplies
t0119,2026-02-12,-2233.88,Marketing,SEO Services
t0120,2026-02-13,-4393.44,Marketing,SEO Services
t0121,2026-02-13,-240.67,Office,Utilities
t0122,2026-02-13,-6747.88,Payroll,Bonus Payment
t0123,2026-02-14,-13928.78,Equipment,Camera Equipment
t0124,2026-02-16,8085.66,Revenue,Consulting Fee
t0125,2026-02-16,20440.97,Revenue,Project Invoice
t0126,2026-02-16,-697.11,Marketing,Google Ads
t0127,2026-02-17,-3727.4,Travel,Client Visit
t0128,2026-02-17,-522.45,SaaS,Figma Pro
t0129,2026-02-17,-1867.94,Rent,Coworking Space
t0130,2026-02-19,25711.42,Revenue,New Client Onboarding
t0131,2026-02-19,-903.82,SaaS,HubSpot CRM
t0132,2026-02-23,-3452.13,Marketing,SEO Services
t0133,2026-02-23,-3648.57,Payroll,Freelancer Invoice
t0134,2026-02-23,8856.58,Revenue,Project Invoice
t0135,2026-02-26,-487.81,Office,Office Supplies
t0136,2026-02-26,6741.41,Revenue,Client Retainer
t0137,2026-02-27,-19281.25,Payroll,Bonus Payment
t0138,2026-03-02,-1699.73,Travel,Client Visit
t0139,2026-03-02,-7754.13,Payroll,Staff Payroll
t0140,2026-03-03,-8372.05,Travel,Team Offsite
t0141,2026-03-04,-6301.62,Payroll,Contractor Payment
t0142,2026-03-04,-4259.46,Payroll,Contractor Payment
t0143,2026-03-06,24003.57,Revenue,Project Invoice
t0144,2026-03-09,-1210.9,Marketing,Trade Show
t0145,2026-03-10,-196.49,Office,Utilities
t0146,2026-03-10,-1731.17,Legal,IP Registration
t0147,2026-03-10,-4674.53,Travel,Team Offsite
t0148,2026-03-11,-4139.97,Travel,Client Visit
t0149,2026-03-12,-1029.77,Marketing,Google Ads
t0150,2026-03-12,6660.92,Revenue,Subscription Revenue
t0151,2026-03-13,-3285.87,Legal,Contract Review
t0152,2026-03-16,-1995.31,Travel,Team Offsite
t0153,2026-03-16,-6222.19,Payroll,Staff Payroll
t0154,2026-03-17,-3332.58,Legal,Legal Retainer
t0155,2026-03-18,-4060.79,Payroll,Staff Payroll
t0156,2026-03-19,-2295.53,Office,Cleaning Service
t0157,2026-03-20,-4364.29,Payroll,Freelancer Invoice
t0158,2026-03-23,-6442.62,Payroll,Bonus Payment
t0159,2026-03-24,-2514.85,Legal,Compliance
t0160,2026-03-27,-16980.14,Payroll,Freelancer Invoice
t0161,2026-03-30,-1029.17,Marketing,Trade Show
t0162,2026-03-31,-2398.97,Rent,Coworking Space
t0163,2026-03-31,-6602.66,Payroll,Freelancer Invoice
t0164,2026-04-01,7746.64,Revenue,New Client Onboarding
t0165,2026-04-01,-3166.51,Marketing,Google Ads
t0166,2026-04-03,-6876.51,Travel,Team Offsite
t0167,2026-04-06,-6487.34,Payroll,Bonus Payment
t0168,2026-04-08,9747.97,Revenue,Subscription Revenue
t0169,2026-04-08,21675.92,Revenue,Client Retainer
t0170,2026-04-09,-596.77,Office,Cleaning Service
t0171,2026-04-09,-1160.49,SaaS,Figma Pro
t0172,2026-04-09,-9232.96,Travel,Team Offsite
t0173,2026-04-14,13424.82,Revenue,Project Invoice
t0174,2026-04-14,7987.68,Revenue,Client Retainer
t0175,2026-04-14,-365.24,Office,Cleaning Service
t0176,2026-04-16,-5779.73,Payroll,Staff Payroll
t0177,2026-04-16,-3520.03,Payroll,Freelancer Invoice
t0178,2026-04-16,20296.47,Revenue,Consulting Fee
t0179,2026-04-17,-3507.55,Payroll,Contractor Payment
t0180,2026-04-21,-3381.46,Marketing,Trade Show
t0181,2026-04-22,21591.79,Revenue,Client Retainer
t0182,2026-04-23,-13645.23,Equipment,Peripherals
t0183,2026-04-24,-2146.76,Marketing,Trade Show
t0184,2026-04-24,20727.42,Revenue,New Client Onboarding
t0185,2026-04-28,-1730.92,Rent,Coworking Space
t0186,2026-04-28,-2188.12,Rent,Coworking Space
t0187,2026-04-29,-2389.86,Rent,Office Rent
t0188,2026-04-29,-7302.99,Payroll,Contractor Payment
t0189,2026-04-30,-5074.46,Payroll,Freelancer Invoice
t0190,2026-04-30,7697.25,Revenue,Project Invoice
t0191,2026-04-30,-7616.13,Payroll,Bonus Payment
t0192,2026-05-06,-6586.49,Payroll,Staff Payroll
t0193,2026-05-07,-1706.33,Marketing,LinkedIn Ads
t0194,2026-05-08,-8966.89,Marketing,Trade Show
t0195,2026-05-08,22769.83,Revenue,Client Retainer
t0196,2026-05-12,-1582.07,Legal,Legal Retainer
t0197,2026-05-12,-797.84,SaaS,HubSpot CRM
t0198,2026-05-12,-4664.64,Equipment,Peripherals
t0199,2026-05-14,23345.22,Revenue,Client Retainer
t0200,2026-05-14,-3736.2,Equipment,Laptop Purchase
t0201,2026-05-18,16812.76,Revenue,Client Retainer
t0202,2026-05-19,-3974.72,Payroll,Staff Payroll
t0203,2026-05-19,-7782.05,Rent,Coworking Space
t0204,2026-05-19,-215.85,SaaS,AWS Cloud
t0205,2026-05-20,-118.21,Office,Utilities
t0206,2026-05-20,-2712.86,Travel,Conference Travel
t0207,2026-05-20,-3161.0,Travel,Sales Trip
t0208,2026-05-21,-2087.09,Legal,Compliance
t0209,2026-05-21,17352.32,Revenue,Subscription Revenue
t0210,2026-05-21,-7469.62,Payroll,Staff Payroll
t0211,2026-05-23,8422.78,Revenue,New Client Onboarding
t0212,2026-05-25,12608.12,Revenue,Subscription Revenue
t0213,2026-05-26,-780.8,SaaS,AWS Cloud
t0214,2026-05-27,-1783.66,Software,Annual License Renewal
t0215,2026-06-01,-561.38,Office,Utilities
t0216,2026-06-08,17906.36,Revenue,Client Retainer
t0217,2026-06-08,-815.12,Marketing,Google Ads
t0218,2026-06-09,-3334.54,Marketing,SEO Services
t0219,2026-06-09,-1930.55,Rent,Office Rent
t0220,2026-06-09,-3181.93,Marketing,SEO Services
t0221,2026-06-10,14847.95,Revenue,Subscription Revenue
t0222,2026-06-10,-9441.2,Equipment,Camera Equipment
t0223,2026-06-10,-1796.22,Rent,Office Rent
t0224,2026-06-12,9532.4,Revenue,Subscription Revenue
t0225,2026-06-12,-600.9,Marketing,SEO Services
t0226,2026-06-15,-353.98,SaaS,AWS Cloud
t0227,2026-06-15,-549.75,SaaS,Slack License
t0228,2026-06-16,-1541.06,Marketing,Google Ads
t0229,2026-06-18,-2103.47,Rent,Coworking Space
t0230,2026-06-18,-1544.26,Rent,Office Rent
t0231,2026-06-19,-506.2,Office,Team Lunch
t0232,2026-06-19,-4454.64,Payroll,Staff Payroll
t0233,2026-06-22,-6168.67,Payroll,Staff Payroll
t0234,2026-06-22,20063.65,Revenue,Subscription Revenue
t0235,2026-06-24,-10772.65,Equipment,Server Hardware
t0236,2026-06-24,2484.89,Revenue,New Client Onboarding
t0237,2026-06-25,-4093.18,Payroll,Bonus Payment
t0238,2026-06-29,-2392.27,Marketing,LinkedIn Ads
t0239,2026-06-29,-7921.15,Travel,Conference Travel
t0240,2026-06-30,-3974.17,Payroll,Contractor Payment
t0241,2026-06-30,-2309.47,Marketing,LinkedIn Ads
t0242,2026-06-30,-2255.15,Marketing,Trade Show
t0243,2026-07-02,-4467.41,Payroll,Bonus Payment
t0244,2026-07-02,-921.09,Legal,Contract Review
t0245,2026-07-02,-2795.34,Marketing,Google Ads
t0246,2026-07-03,-2903.53,Travel,Conference Travel
t0247,2026-07-07,10782.8,Revenue,New Client Onboarding
t0248,2026-07-09,-4501.06,Payroll,Staff Payroll
t0249,2026-07-09,4866.68,Revenue,New Client Onboarding
t0250,2026-07-09,-781.02,Office,Cleaning Service
t0251,2026-07-13,-1895.67,Equipment,Server Hardware
t0252,2026-07-15,-792.48,Software,Security Tools
t0253,2026-07-16,-5356.48,Payroll,Freelancer Invoice
t0254,2026-07-17,-268.1,Office,Office Supplies
t0255,2026-07-17,-7543.54,Marketing,Google Ads
t0256,2026-07-21,-14523.41,Equipment,Peripherals
t0257,2026-07-22,-869.47,SaaS,HubSpot CRM
t0258,2026-07-23,-5101.24,Payroll,Staff Payroll
t0259,2026-07-24,-2902.0,Marketing,Trade Show
t0260,2026-07-24,-4001.74,Payroll,Bonus Payment
t0261,2026-07-26,-1711.29,Rent,Coworking Space
t0262,2026-07-27,-775.54,Travel,Team Offsite
t0263,2026-07-27,-3581.14,Payroll,Bonus Payment
t0264,2026-07-28,-2109.4,Rent,Coworking Space
t0265,2026-07-29,-12682.87,Equipment,Server Hardware
t0266,2026-07-29,-3391.41,Marketing,SEO Services
t0267,2026-07-30,10499.76,Revenue,Client Retainer
t0268,2026-07-31,-920.03,Marketing,Content Marketing
t0269,2026-07-31,-13094.84,Equipment,Camera Equipment
t0270,2026-08-03,5596.57,Revenue,Project Invoice
t0271,2026-08-03,101952.56,Revenue,Client Retainer
t0272,2026-08-03,-2047.67,Marketing,Content Marketing
t0273,2026-08-05,9556.53,Revenue,Project Invoice
t0274,2026-08-05,-311.2,SaaS,Figma Pro
t0275,2026-08-06,-1337.68,Travel,Client Visit
t0276,2026-08-06,21373.66,Revenue,Subscription Revenue
t0277,2026-08-07,-914.68,SaaS,HubSpot CRM
t0278,2026-08-09,21142.65,Revenue,Consulting Fee
t0279,2026-08-10,-7755.88,Equipment,Laptop Purchase
t0280,2026-08-11,4369.75,Revenue,Client Retainer
t0281,2026-08-11,-3271.9,Marketing,SEO Services
t0282,2026-08-11,-591.45,SaaS,HubSpot CRM
t0283,2026-08-12,-7459.95,Payroll,Bonus Payment
t0284,2026-08-14,-7386.83,Payroll,Bonus Payment
t0285,2026-08-14,17446.32,Revenue,Project Invoice
t0286,2026-08-17,-1529.12,Marketing,Trade Show
t0287,2026-08-18,-12577.35,Equipment,Peripherals
t0288,2026-08-19,-4962.89,Payroll,Bonus Payment
t0289,2026-08-19,-2163.15,Rent,Office Rent
t0290,2026-08-19,-2233.46,Rent,Coworking Space
t0291,2026-08-24,-616.6,Marketing,LinkedIn Ads
t0292,2026-08-25,15307.58,Revenue,Project Invoice
t0293,2026-08-26,-1511.29,Rent,Office Rent
t0294,2026-08-27,-2096.98,Rent,Coworking Space
t0295,2026-08-28,-2962.54,Marketing,Trade Show
t0296,2026-09-01,-6683.23,Payroll,Bonus Payment
t0297,2026-09-01,-1793.02,Travel,Client Visit
t0298,2026-09-02,-5032.14,Payroll,Bonus Payment
t0299,2026-09-04,-1968.28,Marketing,Google Ads
t0300,2026-09-07,-1564.22,Rent,Coworking Space
t0301,2026-09-07,-8776.22,Travel,Conference Travel
t0302,2026-09-08,15191.61,Revenue,Consulting Fee
t0303,2026-09-09,-766.99,Office,Cleaning Service
t0304,2026-09-09,7793.8,Revenue,New Client Onboarding
t0305,2026-09-10,21547.73,Revenue,Consulting Fee
t0306,2026-09-14,-43667.58,Travel,Team Offsite
t0307,2026-09-14,-1018.4,SaaS,AWS Cloud
t0308,2026-09-15,8048.06,Revenue,Subscription Revenue
t0309,2026-09-15,18667.92,Revenue,Subscription Revenue
t0310,2026-09-15,-7046.26,Payroll,Bonus Payment
t0311,2026-09-17,-7536.46,Travel,Client Visit
t0312,2026-09-18,-157.89,Office,Office Supplies
t0313,2026-09-18,-3538.89,Travel,Client Visit
t0314,2026-09-20,-6421.68,Equipment,Laptop Purchase
t0315,2026-09-21,11038.44,Revenue,Consulting Fee
t0316,2026-09-22,-2458.72,Rent,Office Rent
t0317,2026-09-22,-3389.86,Legal,Legal Retainer
t0318,2026-09-22,-570.31,Office,Office Supplies
t0319,2026-09-23,-4578.25,Travel,Client Visit
t0320,2026-09-24,-6745.68,Payroll,Freelancer Invoice
t0321,2026-09-25,-5365.85,Payroll,Staff Payroll
t0322,2026-09-25,-1461.66,Travel,Sales Trip
